DATAFLOW,LAST UPDATE,freq,unit,na_item,geo,TIME_PERIOD,OBS_VALUE,OBS_FLAG
ESTAT:NAMA_10_GDP$DEFAULTVIEW(1.0),26/04/23 23:00:00,A,CP_MEUR,B1GQ,AL,2013,9625.4,
ESTAT:NAMA_10_GDP$DEFAULTVIEW(1.0),26/04/23 23:00:00,A,CP_MEUR,B1GQ,AL,2014,9968.6,
ESTAT:NAMA_10_GDP$DEFAULTVIEW(1.0),26/04/23 23:00:00,A,CP_MEUR,B1GQ,AL,2015,10264.1,
ESTAT:NAMA_10_GDP$DEFAULTVIEW(1.0),26/04/23 23:00:00,A,CP_MEUR,B1GQ,AL,2016,10719.9,
ESTAT:NAMA_10_GDP$DEFAULTVIEW(1.0),26/04/23 23:00:00,A,CP_MEUR,B1GQ,AL,2017,11559.0,
ESTAT:NAMA_10_GDP$DEFAULTVIEW(1.0),26/04/23 23:00:00,A,CP_MEUR,B1GQ,AL,2018,12828.1,
ESTAT:NAMA_10_GDP$DEFAULTVIEW(1.0),26/04/23 23:00:00,A,CP_MEUR,B1GQ,AL,2019,13754.2,
ESTAT:NAMA_10_GDP$DEFAULTVIEW(1.0),26/04/23 23:00:00,A,CP_MEUR,B1GQ,AL,2020,13310.4,
ESTAT:NAMA_10_GDP$DEFAULTVIEW(1.0),26/04/23 23:00:00,A,CP_MEUR,B1GQ,AL,2021,15157.4,p
ESTAT:NAMA_10_GDP$DEFAULTVIEW(1.0),26/04/23 23:00:00,A,CP_MEUR,B1GQ,AL,2022,17939.7,e
ESTAT:NAMA_10_GDP$DEFAULTVIEW(1.0),26/04/23 23:00:00,A,CP_MEUR,B1GQ,AT,2013,323910.2,
ESTAT:NAMA_10_GDP$DEFAULTVIEW(1.0),26/04/23 23:00:00,A,CP_MEUR,B1GQ,AT,2014,333146.1,
ESTAT:NAMA_10_GDP$DEFAULTVIEW(1.0),26/04/23 23:00:00,A,CP_MEUR,B1GQ,AT,2015,344269.2,
ESTAT:NAMA_10_GDP$DEFAULTVIEW(1.0),26/04/23 23:00:00,A,CP_MEUR,B1GQ,AT,2016,357608.0,
ESTAT:NAMA_10_GDP$DEFAULTVIEW(1.0),26/04/23 23:00:00,A,CP_MEUR,B1GQ,AT,2017,369361.9,
ESTAT:NAMA_10_GDP$DEFAULTVIEW(1.0),26/04/23 23:00:00,A,CP_MEUR,B1GQ,AT,2018,385274.1,
ESTAT:NAMA_10_GDP$DEFAULTVIEW(1.0),26/04/23 23:00:00,A,CP_MEUR,B1GQ,AT,2019,397169.5,
ESTAT:NAMA_10_GDP$DEFAULTVIEW(1.0),26/04/23 23:00:00,A,CP_MEUR,B1GQ,AT,2020,381042.5,
ESTAT:NAMA_10_GDP$DEFAULTVIEW(1.0),26/04/23 23:00:00,A,CP_MEUR,B1GQ,AT,2021,406148.7,
ESTAT:NAMA_10_GDP$DEFAULTVIEW(1.0),26/04/23 23:00:00,A,CP_MEUR,B1GQ,AT,2022,447652.7,
ESTAT:NAMA_10_GDP$DEFAULTVIEW(1.0),26/04/23 23:00:00,A,CP_MEUR,B1GQ,BA,2013,13691.8,
ESTAT:NAMA_10_GDP$DEFAULTVIEW(1.0),26/04/23 23:00:00,A,CP_MEUR,B1GQ,BA,2014,13988.3,
ESTAT:NAMA_10_GDP$DEFAULTVIEW(1.0),26/04/23 23:00:00,A,CP_MEUR,B1GQ,BA,2015,14791.1,
ESTAT:NAMA_10_GDP$DEFAULTVIEW(1.0),26/04/23 23:00:00,A,CP_MEUR,B1GQ,BA,2016,15474.3,
ESTAT:NAMA_10_GDP$DEFAULTVIEW(1.0),26/04/23 23:00:00,A,CP_MEUR,B1GQ,BA,2017,16260.5,
ESTAT:NAMA_10_GDP$DEFAULTVIEW(1.0),26/04/23 23:00:00,A,CP_MEUR,B1GQ,BA,2018,17354.2,
ESTAT:NAMA_10_GDP$DEFAULTVIEW(1.0),26/04/23 23:00:00,A,CP_MEUR,B1GQ,BA,2019,18296.5,
ESTAT:NAMA_10_GDP$DEFAULTVIEW(1.0),26/04/23 23:00:00,A,CP_MEUR,B1GQ,BA,2020,17755.9,
ESTAT:NAMA_10_GDP$DEFAULTVIEW(1.0),26/04/23 23:00:00,A,CP_MEUR,B1GQ,BA,2021,19995.1,
ESTAT:NAMA_10_GDP$DEFAULTVIEW(1.0),26/04/23 23:00:00,A,CP_MEUR,B1GQ,BA,2022,23317.3,
ESTAT:NAMA_10_GDP$DEFAULTVIEW(1.0),26/04/23 23:00:00,A,CP_MEUR,B1GQ,BE,2013,392880.0,
ESTAT:NAMA_10_GDP$DEFAULTVIEW(1.0),26/04/23 23:00:00,A,CP_MEUR,B1GQ,BE,2014,403003.3,
ESTAT:NAMA_10_GDP$DEFAULTVIEW(1.0),26/04/23 23:00:00,A,CP_MEUR,B1GQ,BE,2015,416701.4,
ESTAT:NAMA_10_GDP$DEFAULTVIEW(1.0),26/04/23 23:00:00,A,CP_MEUR,B1GQ,BE,2016,430085.3,
ESTAT:NAMA_10_GDP$DEFAULTVIEW(1.0),26/04/23 23:00:00,A,CP_MEUR,B1GQ,BE,2017,445050.1,
ESTAT:NAMA_10_GDP$DEFAULTVIEW(1.0),26/04/23 23:00:00,A,CP_MEUR,B1GQ,BE,2018,460050.8,
ESTAT:NAMA_10_GDP$DEFAULTVIEW(1.0),26/04/23 23:00:00,A,CP_MEUR,B1GQ,BE,2019,478676.1,
ESTAT:NAMA_10_GDP$DEFAULTVIEW(1.0),26/04/23 23:00:00,A,CP_MEUR,B1GQ,BE,2020,459827.4,p
ESTAT:NAMA_10_GDP$DEFAULTVIEW(1.0),26/04/23 23:00:00,A,CP_MEUR,B1GQ,BE,2021,502521.1,p
ESTAT:NAMA_10_GDP$DEFAULTVIEW(1.0),26/04/23 23:00:00,A,CP_MEUR,B1GQ,BE,2022,549456.2,p
ESTAT:NAMA_10_GDP$DEFAULTVIEW(1.0),26/04/23 23:00:00,A,CP_MEUR,B1GQ,BG,2013,42050.2,
ESTAT:NAMA_10_GDP$DEFAULTVIEW(1.0),26/04/23 23:00:00,A,CP_MEUR,B1GQ,BG,2014,43026.0,
ESTAT:NAMA_10_GDP$DEFAULTVIEW(1.0),26/04/23 23:00:00,A,CP_MEUR,B1GQ,BG,2015,45812.3,
ESTAT:NAMA_10_GDP$DEFAULTVIEW(1.0),26/04/23 23:00:00,A,CP_MEUR,B1GQ,BG,2016,48773.1,
ESTAT:NAMA_10_GDP$DEFAULTVIEW(1.0),26/04/23 23:00:00,A,CP_MEUR,B1GQ,BG,2017,52531.3,
ESTAT:NAMA_10_GDP$DEFAULTVIEW(1.0),26/04/23 23:00:00,A,CP_MEUR,B1GQ,BG,2018,56224.8,
ESTAT:NAMA_10_GDP$DEFAULTVIEW(1.0),26/04/23 23:00:00,A,CP_MEUR,B1GQ,BG,2019,61558.5,
ESTAT:NAMA_10_GDP$DEFAULTVIEW(1.0),26/04/23 23:00:00,A,CP_MEUR,B1GQ,BG,2020,61638.9,
ESTAT:NAMA_10_GDP$DEFAULTVIEW(1.0),26/04/23 23:00:00,A,CP_MEUR,B1GQ,BG,2021,71077.0,
ESTAT:NAMA_10_GDP$DEFAULTVIEW(1.0),26/04/23 23:00:00,A,CP_MEUR,B1GQ,BG,2022,84560.6,p
ESTAT:NAMA_10_GDP$DEFAULTVIEW(1.0),26/04/23 23:00:00,A,CP_MEUR,B1GQ,CH,2013,531729.1,
ESTAT:NAMA_10_GDP$DEFAULTVIEW(1.0),26/04/23 23:00:00,A,CP_MEUR,B1GQ,CH,2014,548014.5,
ESTAT:NAMA_10_GDP$DEFAULTVIEW(1.0),26/04/23 23:00:00,A,CP_MEUR,B1GQ,CH,2015,625532.7,
ESTAT:NAMA_10_GDP$DEFAULTVIEW(1.0),26/04/23 23:00:00,A,CP_MEUR,B1GQ,CH,2016,621765.1,
ESTAT:NAMA_10_GDP$DEFAULTVIEW(1.0),26/04/23 23:00:00,A,CP_MEUR,B1GQ,CH,2017,615776.3,
ESTAT:NAMA_10_GDP$DEFAULTVIEW(1.0),26/04/23 23:00:00,A,CP_MEUR,B1GQ,CH,2018,614304.4,
ESTAT:NAMA_10_GDP$DEFAULTVIEW(1.0),26/04/23 23:00:00,A,CP_MEUR,B1GQ,CH,2019,644443.2,
ESTAT:NAMA_10_GDP$DEFAULTVIEW(1.0),26/04/23 23:00:00,A,CP_MEUR,B1GQ,CH,2020,648913.3,
ESTAT:NAMA_10_GDP$DEFAULTVIEW(1.0),26/04/23 23:00:00,A,CP_MEUR,B1GQ,CH,2021,676775.2,
ESTAT:NAMA_10_GDP$DEFAULTVIEW(1.0),26/04/23 23:00:00,A,CP_MEUR,B1GQ,CH,2022,767616.2,
ESTAT:NAMA_10_GDP$DEFAULTVIEW(1.0),26/04/23 23:00:00,A,CP_MEUR,B1GQ,CY,2013,18040.3,
ESTAT:NAMA_10_GDP$DEFAULTVIEW(1.0),26/04/23 23:00:00,A,CP_MEUR,B1GQ,CY,2014,17482.8,
ESTAT:NAMA_10_GDP$DEFAULTVIEW(1.0),26/04/23 23:00:00,A,CP_MEUR,B1GQ,CY,2015,17944.2,
ESTAT:NAMA_10_GDP$DEFAULTVIEW(1.0),26/04/23 23:00:00,A,CP_MEUR,B1GQ,CY,2016,19013.8,
ESTAT:NAMA_10_GDP$DEFAULTVIEW(1.0),26/04/23 23:00:00,A,CP_MEUR,B1GQ,CY,2017,20312.4,
ESTAT:NAMA_10_GDP$DEFAULTVIEW(1.0),26/04/23 23:00:00,A,CP_MEUR,B1GQ,CY,2018,21674.0,
ESTAT:NAMA_10_GDP$DEFAULTVIEW(1.0),26/04/23 23:00:00,A,CP_MEUR,B1GQ,CY,2019,23176.5,
ESTAT:NAMA_10_GDP$DEFAULTVIEW(1.0),26/04/23 23:00:00,A,CP_MEUR,B1GQ,CY,2020,21896.5,
ESTAT:NAMA_10_GDP$DEFAULTVIEW(1.0),26/04/23 23:00:00,A,CP_MEUR,B1GQ,CY,2021,24019.0,
ESTAT:NAMA_10_GDP$DEFAULTVIEW(1.0),26/04/23 23:00:00,A,CP_MEUR,B1GQ,CY,2022,27006.4,p
ESTAT:NAMA_10_GDP$DEFAULTVIEW(1.0),26/04/23 23:00:00,A,CP_MEUR,B1GQ,CZ,2013,159461.5,
ESTAT:NAMA_10_GDP$DEFAULTVIEW(1.0),26/04/23 23:00:00,A,CP_MEUR,B1GQ,CZ,2014,157821.3,
ESTAT:NAMA_10_GDP$DEFAULTVIEW(1.0),26/04/23 23:00:00,A,CP_MEUR,B1GQ,CZ,2015,169558.2,
ESTAT:NAMA_10_GDP$DEFAULTVIEW(1.0),26/04/23 23:00:00,A,CP_MEUR,B1GQ,CZ,2016,177438.5,
ESTAT:NAMA_10_GDP$DEFAULTVIEW(1.0),26/04/23 23:00:00,A,CP_MEUR,B1GQ,CZ,2017,194132.9,
ESTAT:NAMA_10_GDP$DEFAULTVIEW(1.0),26/04/23 23:00:00,A,CP_MEUR,B1GQ,CZ,2018,210970.5,
ESTAT:NAMA_10_GDP$DEFAULTVIEW(1.0),26/04/23 23:00:00,A,CP_MEUR,B1GQ,CZ,2019,225613.5,
ESTAT:NAMA_10_GDP$DEFAULTVIEW(1.0),26/04/23 23:00:00,A,CP_MEUR,B1GQ,CZ,2020,215805.4,
ESTAT:NAMA_10_GDP$DEFAULTVIEW(1.0),26/04/23 23:00:00,A,CP_MEUR,B1GQ,CZ,2021,238249.5,
ESTAT:NAMA_10_GDP$DEFAULTVIEW(1.0),26/04/23 23:00:00,A,CP_MEUR,B1GQ,CZ,2022,276605.9,
ESTAT:NAMA_10_GDP$DEFAULTVIEW(1.0),26/04/23 23:00:00,A,CP_MEUR,B1GQ,DE,2013,2811350.0,
ESTAT:NAMA_10_GDP$DEFAULTVIEW(1.0),26/04/23 23:00:00,A,CP_MEUR,B1GQ,DE,2014,2927430.0,
ESTAT:NAMA_10_GDP$DEFAULTVIEW(1.0),26/04/23 23:00:00,A,CP_MEUR,B1GQ,DE,2015,3026180.0,
ESTAT:NAMA_10_GDP$DEFAULTVIEW(1.0),26/04/23 23:00:00,A,CP_MEUR,B1GQ,DE,2016,3134740.0,
ESTAT:NAMA_10_GDP$DEFAULTVIEW(1.0),26/04/23 23:00:00,A,CP_MEUR,B1GQ,DE,2017,3267160.0,
ESTAT:NAMA_10_GDP$DEFAULTVIEW(1.0),26/04/23 23:00:00,A,CP_MEUR,B1GQ,DE,2018,3365450.0,
ESTAT:NAMA_10_GDP$DEFAULTVIEW(1.0),26/04/23 23:00:00,A,CP_MEUR,B1GQ,DE,2019,3473260.0,p
ESTAT:NAMA_10_GDP$DEFAULTVIEW(1.0),26/04/23 23:00:00,A,CP_MEUR,B1GQ,DE,2020,3405430.0,p
ESTAT:NAMA_10_GDP$DEFAULTVIEW(1.0),26/04/23 23:00:00,A,CP_MEUR,B1GQ,DE,2021,3601750.0,p
ESTAT:NAMA_10_GDP$DEFAULTVIEW(1.0),26/04/23 23:00:00,A,CP_MEUR,B1GQ,DE,2022,3867050.0,p
ESTAT:NAMA_10_GDP$DEFAULTVIEW(1.0),26/04/23 23:00:00,A,CP_MEUR,B1GQ,DK,2013,258742.7,
ESTAT:NAMA_10_GDP$DEFAULTVIEW(1.0),26/04/23 23:00:00,A,CP_MEUR,B1GQ,DK,2014,265757.0,
ESTAT:NAMA_10_GDP$DEFAULTVIEW(1.0),26/04/23 23:00:00,A,CP_MEUR,B1GQ,DK,2015,273017.6,
ESTAT:NAMA_10_GDP$DEFAULTVIEW(1.0),26/04/23 23:00:00,A,CP_MEUR,B1GQ,DK,2016,283109.7,
ESTAT:NAMA_10_GDP$DEFAULTVIEW(1.0),26/04/23 23:00:00,A,CP_MEUR,B1GQ,DK,2017,294808.2,
ESTAT:NAMA_10_GDP$DEFAULTVIEW(1.0),26/04/23 23:00:00,A,CP_MEUR,B1GQ,DK,2018,302328.7,
ESTAT:NAMA_10_GDP$DEFAULTVIEW(1.0),26/04/23 23:00:00,A,CP_MEUR,B1GQ,DK,2019,309526.4,
ESTAT:NAMA_10_GDP$DEFAULTVIEW(1.0),26/04/23 23:00:00,A,CP_MEUR,B1GQ,DK,2020,311759.7,
ESTAT:NAMA_10_GDP$DEFAULTVIEW(1.0),26/04/23 23:00:00,A,CP_MEUR,B1GQ,DK,2021,336718.8,
ESTAT:NAMA_10_GDP$DEFAULTVIEW(1.0),26/04/23 23:00:00,A,CP_MEUR,B1GQ,DK,2022,376087.2,
ESTAT:NAMA_10_GDP$DEFAULTVIEW(1.0),26/04/23 23:00:00,A,CP_MEUR,B1GQ,EA,2013,9878312.8,
ESTAT:NAMA_10_GDP$DEFAULTVIEW(1.0),26/04/23 23:00:00,A,CP_MEUR,B1GQ,EA,2014,10132878.0,
ESTAT:NAMA_10_GDP$DEFAULTVIEW(1.0),26/04/23 23:00:00,A,CP_MEUR,B1GQ,EA,2015,10523091.6,
ESTAT:NAMA_10_GDP$DEFAULTVIEW(1.0),26/04/23 23:00:00,A,CP_MEUR,B1GQ,EA,2016,10817293.9,
ESTAT:NAMA_10_GDP$DEFAULTVIEW(1.0),26/04/23 23:00:00,A,CP_MEUR,B1GQ,EA,2017,11224152.9,
ESTAT:NAMA_10_GDP$DEFAULTVIEW(1.0),26/04/23 23:00:00,A,CP_MEUR,B1GQ,EA,2018,11599255.4,
ESTAT:NAMA_10_GDP$DEFAULTVIEW(1.0),26/04/23 23:00:00,A,CP_MEUR,B1GQ,EA,2019,11986312.1,
ESTAT:NAMA_10_GDP$DEFAULTVIEW(1.0),26/04/23 23:00:00,A,CP_MEUR,B1GQ,EA,2020,11456978.6,
ESTAT:NAMA_10_GDP$DEFAULTVIEW(1.0),26/04/23 23:00:00,A,CP_MEUR,B1GQ,EA,2021,12317803.1,
ESTAT:NAMA_10_GDP$DEFAULTVIEW(1.0),26/04/23 23:00:00,A,CP_MEUR,B1GQ,EA,2022,13331690.9,
ESTAT:NAMA_10_GDP$DEFAULTVIEW(1.0),26/04/23 23:00:00,A,CP_MEUR,B1GQ,EA12,2013,9722470.2,
ESTAT:NAMA_10_GDP$DEFAULTVIEW(1.0),26/04/23 23:00:00,A,CP_MEUR,B1GQ,EA12,2014,9948981.2,
ESTAT:NAMA_10_GDP$DEFAULTVIEW(1.0),26/04/23 23:00:00,A,CP_MEUR,B1GQ,EA12,2015,10293622.9,
ESTAT:NAMA_10_GDP$DEFAULTVIEW(1.0),26/04/23 23:00:00,A,CP_MEUR,B1GQ,EA12,2016,10580021.4,
ESTAT:NAMA_10_GDP$DEFAULTVIEW(1.0),26/04/23 23:00:00,A,CP_MEUR,B1GQ,EA12,2017,10971128.3,
ESTAT:NAMA_10_GDP$DEFAULTVIEW(1.0),26/04/23 23:00:00,A,CP_MEUR,B1GQ,EA12,2018,11328274.3,
ESTAT:NAMA_10_GDP$DEFAULTVIEW(1.0),26/04/23 23:00:00,A,CP_MEUR,B1GQ,EA12,2019,11698619.2,
ESTAT:NAMA_10_GDP$DEFAULTVIEW(1.0),26/04/23 23:00:00,A,CP_MEUR,B1GQ,EA12,2020,11173887.9,
ESTAT:NAMA_10_GDP$DEFAULTVIEW(1.0),26/04/23 23:00:00,A,CP_MEUR,B1GQ,EA12,2021,12006865.2,
ESTAT:NAMA_10_GDP$DEFAULTVIEW(1.0),26/04/23 23:00:00,A,CP_MEUR,B1GQ,EA12,2022,12978995.6,
ESTAT:NAMA_10_GDP$DEFAULTVIEW(1.0),26/04/23 23:00:00,A,CP_MEUR,B1GQ,EA19,2013,9936143.7,
ESTAT:NAMA_10_GDP$DEFAULTVIEW(1.0),26/04/23 23:00:00,A,CP_MEUR,B1GQ,EA19,2014,10169459.3,
ESTAT:NAMA_10_GDP$DEFAULTVIEW(1.0),26/04/23 23:00:00,A,CP_MEUR,B1GQ,EA19,2015,10523091.6,
ESTAT:NAMA_10_GDP$DEFAULTVIEW(1.0),26/04/23 23:00:00,A,CP_MEUR,B1GQ,EA19,2016,10817293.9,
ESTAT:NAMA_10_GDP$DEFAULTVIEW(1.0),26/04/23 23:00:00,A,CP_MEUR,B1GQ,EA19,2017,11224152.9,
ESTAT:NAMA_10_GDP$DEFAULTVIEW(1.0),26/04/23 23:00:00,A,CP_MEUR,B1GQ,EA19,2018,11599255.4,
ESTAT:NAMA_10_GDP$DEFAULTVIEW(1.0),26/04/23 23:00:00,A,CP_MEUR,B1GQ,EA19,2019,11986312.1,
ESTAT:NAMA_10_GDP$DEFAULTVIEW(1.0),26/04/23 23:00:00,A,CP_MEUR,B1GQ,EA19,2020,11456978.6,
ESTAT:NAMA_10_GDP$DEFAULTVIEW(1.0),26/04/23 23:00:00,A,CP_MEUR,B1GQ,EA19,2021,12317803.1,
ESTAT:NAMA_10_GDP$DEFAULTVIEW(1.0),26/04/23 23:00:00,A,CP_MEUR,B1GQ,EA19,2022,13331690.9,
ESTAT:NAMA_10_GDP$DEFAULTVIEW(1.0),26/04/23 23:00:00,A,CP_MEUR,B1GQ,EA20,2013,9980580.7,
ESTAT:NAMA_10_GDP$DEFAULTVIEW(1.0),26/04/23 23:00:00,A,CP_MEUR,B1GQ,EA20,2014,10213448.4,
ESTAT:NAMA_10_GDP$DEFAULTVIEW(1.0),26/04/23 23:00:00,A,CP_MEUR,B1GQ,EA20,2015,10568349.5,
ESTAT:NAMA_10_GDP$DEFAULTVIEW(1.0),26/04/23 23:00:00,A,CP_MEUR,B1GQ,EA20,2016,10864632.6,
ESTAT:NAMA_10_GDP$DEFAULTVIEW(1.0),26/04/23 23:00:00,A,CP_MEUR,B1GQ,EA20,2017,11274138.8,
ESTAT:NAMA_10_GDP$DEFAULTVIEW(1.0),26/04/23 23:00:00,A,CP_MEUR,B1GQ,EA20,2018,11652002.5,
ESTAT:NAMA_10_GDP$DEFAULTVIEW(1.0),26/04/23 23:00:00,A,CP_MEUR,B1GQ,EA20,2019,12041956.4,
ESTAT:NAMA_10_GDP$DEFAULTVIEW(1.0),26/04/23 23:00:00,A,CP_MEUR,B1GQ,EA20,2020,11507403.5,
ESTAT:NAMA_10_GDP$DEFAULTVIEW(1.0),26/04/23 23:00:00,A,CP_MEUR,B1GQ,EA20,2021,12376057.1,
ESTAT:NAMA_10_GDP$DEFAULTVIEW(1.0),26/04/23 23:00:00,A,CP_MEUR,B1GQ,EA20,2022,13399077.0,
ESTAT:NAMA_10_GDP$DEFAULTVIEW(1.0),26/04/23 23:00:00,A,CP_MEUR,B1GQ,EE,2013,18910.8,
ESTAT:NAMA_10_GDP$DEFAULTVIEW(1.0),26/04/23 23:00:00,A,CP_MEUR,B1GQ,EE,2014,20048.2,
ESTAT:NAMA_10_GDP$DEFAULTVIEW(1.0),26/04/23 23:00:00,A,CP_MEUR,B1GQ,EE,2015,20631.4,
ESTAT:NAMA_10_GDP$DEFAULTVIEW(1.0),26/04/23 23:00:00,A,CP_MEUR,B1GQ,EE,2016,21747.9,
ESTAT:NAMA_10_GDP$DEFAULTVIEW(1.0),26/04/23 23:00:00,A,CP_MEUR,B1GQ,EE,2017,23833.6,
ESTAT:NAMA_10_GDP$DEFAULTVIEW(1.0),26/04/23 23:00:00,A,CP_MEUR,B1GQ,EE,2018,25932.2,
ESTAT:NAMA_10_GDP$DEFAULTVIEW(1.0),26/04/23 23:00:00,A,CP_MEUR,B1GQ,EE,2019,27764.7,
ESTAT:NAMA_10_GDP$DEFAULTVIEW(1.0),26/04/23 23:00:00,A,CP_MEUR,B1GQ,EE,2020,27465.0,
ESTAT:NAMA_10_GDP$DEFAULTVIEW(1.0),26/04/23 23:00:00,A,CP_MEUR,B1GQ,EE,2021,31444.9,
ESTAT:NAMA_10_GDP$DEFAULTVIEW(1.0),26/04/23 23:00:00,A,CP_MEUR,B1GQ,EE,2022,36181.4,
ESTAT:NAMA_10_GDP$DEFAULTVIEW(1.0),26/04/23 23:00:00,A,CP_MEUR,B1GQ,EL,2013,179884.4,
ESTAT:NAMA_10_GDP$DEFAULTVIEW(1.0),26/04/23 23:00:00,A,CP_MEUR,B1GQ,EL,2014,177236.0,
ESTAT:NAMA_10_GDP$DEFAULTVIEW(1.0),26/04/23 23:00:00,A,CP_MEUR,B1GQ,EL,2015,176368.9,
ESTAT:NAMA_10_GDP$DEFAULTVIEW(1.0),26/04/23 23:00:00,A,CP_MEUR,B1GQ,EL,2016,174494.2,
ESTAT:NAMA_10_GDP$DEFAULTVIEW(1.0),26/04/23 23:00:00,A,CP_MEUR,B1GQ,EL,2017,176903.4,
ESTAT:NAMA_10_GDP$DEFAULTVIEW(1.0),26/04/23 23:00:00,A,CP_MEUR,B1GQ,EL,2018,179557.7,
ESTAT:NAMA_10_GDP$DEFAULTVIEW(1.0),26/04/23 23:00:00,A,CP_MEUR,B1GQ,EL,2019,183351.2,
ESTAT:NAMA_10_GDP$DEFAULTVIEW(1.0),26/04/23 23:00:00,A,CP_MEUR,B1GQ,EL,2020,165405.9,p
ESTAT:NAMA_10_GDP$DEFAULTVIEW(1.0),26/04/23 23:00:00,A,CP_MEUR,B1GQ,EL,2021,181674.6,p
ESTAT:NAMA_10_GDP$DEFAULTVIEW(1.0),26/04/23 23:00:00,A,CP_MEUR,B1GQ,EL,2022,208030.2,p
ESTAT:NAMA_10_GDP$DEFAULTVIEW(1.0),26/04/23 23:00:00,A,CP_MEUR,B1GQ,ES,2013,1020677.0,
ESTAT:NAMA_10_GDP$DEFAULTVIEW(1.0),26/04/23 23:00:00,A,CP_MEUR,B1GQ,ES,2014,1032608.0,
ESTAT:NAMA_10_GDP$DEFAULTVIEW(1.0),26/04/23 23:00:00,A,CP_MEUR,B1GQ,ES,2015,1078092.0,
ESTAT:NAMA_10_GDP$DEFAULTVIEW(1.0),26/04/23 23:00:00,A,CP_MEUR,B1GQ,ES,2016,1114420.0,
ESTAT:NAMA_10_GDP$DEFAULTVIEW(1.0),26/04/23 23:00:00,A,CP_MEUR,B1GQ,ES,2017,1162492.0,
ESTAT:NAMA_10_GDP$DEFAULTVIEW(1.0),26/04/23 23:00:00,A,CP_MEUR,B1GQ,ES,2018,1203859.0,
ESTAT:NAMA_10_GDP$DEFAULTVIEW(1.0),26/04/23 23:00:00,A,CP_MEUR,B1GQ,ES,2019,1245513.0,
ESTAT:NAMA_10_GDP$DEFAULTVIEW(1.0),26/04/23 23:00:00,A,CP_MEUR,B1GQ,ES,2020,1117989.0,p
ESTAT:NAMA_10_GDP$DEFAULTVIEW(1.0),26/04/23 23:00:00,A,CP_MEUR,B1GQ,ES,2021,1206842.0,p
ESTAT:NAMA_10_GDP$DEFAULTVIEW(1.0),26/04/23 23:00:00,A,CP_MEUR,B1GQ,ES,2022,1327108.0,p
ESTAT:NAMA_10_GDP$DEFAULTVIEW(1.0),26/04/23 23:00:00,A,CP_MEUR,B1GQ,EU15,2013,12519401.6,
ESTAT:NAMA_10_GDP$DEFAULTVIEW(1.0),26/04/23 23:00:00,A,CP_MEUR,B1GQ,EU15,2014,12964652.3,
ESTAT:NAMA_10_GDP$DEFAULTVIEW(1.0),26/04/23 23:00:00,A,CP_MEUR,B1GQ,EU15,2015,13666851.7,
ESTAT:NAMA_10_GDP$DEFAULTVIEW(1.0),26/04/23 23:00:00,A,CP_MEUR,B1GQ,EU15,2016,13763516.8,
ESTAT:NAMA_10_GDP$DEFAULTVIEW(1.0),26/04/23 23:00:00,A,CP_MEUR,B1GQ,EU15,2017,14105751.9,
ESTAT:NAMA_10_GDP$DEFAULTVIEW(1.0),26/04/23 23:00:00,A,CP_MEUR,B1GQ,EU15,2018,14522173.4,
ESTAT:NAMA_10_GDP$DEFAULTVIEW(1.0),26/04/23 23:00:00,A,CP_MEUR,B1GQ,EU15,2019,15011630.2,
ESTAT:NAMA_10_GDP$DEFAULTVIEW(1.0),26/04/23 23:00:00,A,CP_MEUR,B1GQ,EU27_2020,2013,11516210.9,
ESTAT:NAMA_10_GDP$DEFAULTVIEW(1.0),26/04/23 23:00:00,A,CP_MEUR,B1GQ,EU27_2020,2014,11782085.3,
ESTAT:NAMA_10_GDP$DEFAULTVIEW(1.0),26/04/23 23:00:00,A,CP_MEUR,B1GQ,EU27_2020,2015,12215145.8,
ESTAT:NAMA_10_GDP$DEFAULTVIEW(1.0),26/04/23 23:00:00,A,CP_MEUR,B1GQ,EU27_2020,2016,12548705.7,
ESTAT:NAMA_10_GDP$DEFAULTVIEW(1.0),26/04/23 23:00:00,A,CP_MEUR,B1GQ,EU27_2020,2017,13074833.0,
ESTAT:NAMA_10_GDP$DEFAULTVIEW(1.0),26/04/23 23:00:00,A,CP_MEUR,B1GQ,EU27_2020,2018,13533331.0,
ESTAT:NAMA_10_GDP$DEFAULTVIEW(1.0),26/04/23 23:00:00,A,CP_MEUR,B1GQ,EU27_2020,2019,14018762.0,
ESTAT:NAMA_10_GDP$DEFAULTVIEW(1.0),26/04/23 23:00:00,A,CP_MEUR,B1GQ,EU27_2020,2020,13461663.7,
ESTAT:NAMA_10_GDP$DEFAULTVIEW(1.0),26/04/23 23:00:00,A,CP_MEUR,B1GQ,EU27_2020,2021,14532191.1,
ESTAT:NAMA_10_GDP$DEFAULTVIEW(1.0),26/04/23 23:00:00,A,CP_MEUR,B1GQ,EU27_2020,2022,15806899.3,
ESTAT:NAMA_10_GDP$DEFAULTVIEW(1.0),26/04/23 23:00:00,A,CP_MEUR,B1GQ,EU28,2013,13612548.9,
ESTAT:NAMA_10_GDP$DEFAULTVIEW(1.0),26/04/23 23:00:00,A,CP_MEUR,B1GQ,EU28,2014,14093165.5,
ESTAT:NAMA_10_GDP$DEFAULTVIEW(1.0),26/04/23 23:00:00,A,CP_MEUR,B1GQ,EU28,2015,14859862.3,
ESTAT:NAMA_10_GDP$DEFAULTVIEW(1.0),26/04/23 23:00:00,A,CP_MEUR,B1GQ,EU28,2016,14982824.9,
ESTAT:NAMA_10_GDP$DEFAULTVIEW(1.0),26/04/23 23:00:00,A,CP_MEUR,B1GQ,EU28,2017,15434622.8,
ESTAT:NAMA_10_GDP$DEFAULTVIEW(1.0),26/04/23 23:00:00,A,CP_MEUR,B1GQ,EU28,2018,15954228.3,
ESTAT:NAMA_10_GDP$DEFAULTVIEW(1.0),26/04/23 23:00:00,A,CP_MEUR,B1GQ,EU28,2019,16545377.2,
ESTAT:NAMA_10_GDP$DEFAULTVIEW(1.0),26/04/23 23:00:00,A,CP_MEUR,B1GQ,FI,2013,204321.0,
ESTAT:NAMA_10_GDP$DEFAULTVIEW(1.0),26/04/23 23:00:00,A,CP_MEUR,B1GQ,FI,2014,206897.0,
ESTAT:NAMA_10_GDP$DEFAULTVIEW(1.0),26/04/23 23:00:00,A,CP_MEUR,B1GQ,FI,2015,211385.0,
ESTAT:NAMA_10_GDP$DEFAULTVIEW(1.0),26/04/23 23:00:00,A,CP_MEUR,B1GQ,FI,2016,217518.0,
ESTAT:NAMA_10_GDP$DEFAULTVIEW(1.0),26/04/23 23:00:00,A,CP_MEUR,B1GQ,FI,2017,226301.0,
ESTAT:NAMA_10_GDP$DEFAULTVIEW(1.0),26/04/23 23:00:00,A,CP_MEUR,B1GQ,FI,2018,233462.0,
ESTAT:NAMA_10_GDP$DEFAULTVIEW(1.0),26/04/23 23:00:00,A,CP_MEUR,B1GQ,FI,2019,239858.0,
ESTAT:NAMA_10_GDP$DEFAULTVIEW(1.0),26/04/23 23:00:00,A,CP_MEUR,B1GQ,FI,2020,238038.0,
ESTAT:NAMA_10_GDP$DEFAULTVIEW(1.0),26/04/23 23:00:00,A,CP_MEUR,B1GQ,FI,2021,250594.0,
ESTAT:NAMA_10_GDP$DEFAULTVIEW(1.0),26/04/23 23:00:00,A,CP_MEUR,B1GQ,FI,2022,266679.0,
ESTAT:NAMA_10_GDP$DEFAULTVIEW(1.0),26/04/23 23:00:00,A,CP_MEUR,B1GQ,FR,2013,2117189.0,
ESTAT:NAMA_10_GDP$DEFAULTVIEW(1.0),26/04/23 23:00:00,A,CP_MEUR,B1GQ,FR,2014,2149765.0,
ESTAT:NAMA_10_GDP$DEFAULTVIEW(1.0),26/04/23 23:00:00,A,CP_MEUR,B1GQ,FR,2015,2198432.0,
ESTAT:NAMA_10_GDP$DEFAULTVIEW(1.0),26/04/23 23:00:00,A,CP_MEUR,B1GQ,FR,2016,2234129.0,
ESTAT:NAMA_10_GDP$DEFAULTVIEW(1.0),26/04/23 23:00:00,A,CP_MEUR,B1GQ,FR,2017,2297242.0,
ESTAT:NAMA_10_GDP$DEFAULTVIEW(1.0),26/04/23 23:00:00,A,CP_MEUR,B1GQ,FR,2018,2363306.0,
ESTAT:NAMA_10_GDP$DEFAULTVIEW(1.0),26/04/23 23:00:00,A,CP_MEUR,B1GQ,FR,2019,2437635.0,
ESTAT:NAMA_10_GDP$DEFAULTVIEW(1.0),26/04/23 23:00:00,A,CP_MEUR,B1GQ,FR,2020,2310469.0,
ESTAT:NAMA_10_GDP$DEFAULTVIEW(1.0),26/04/23 23:00:00,A,CP_MEUR,B1GQ,FR,2021,2500870.0,p
ESTAT:NAMA_10_GDP$DEFAULTVIEW(1.0),26/04/23 23:00:00,A,CP_MEUR,B1GQ,FR,2022,2642713.0,p
ESTAT:NAMA_10_GDP$DEFAULTVIEW(1.0),26/04/23 23:00:00,A,CP_MEUR,B1GQ,HR,2013,44437.1,
ESTAT:NAMA_10_GDP$DEFAULTVIEW(1.0),26/04/23 23:00:00,A,CP_MEUR,B1GQ,HR,2014,43989.1,
ESTAT:NAMA_10_GDP$DEFAULTVIEW(1.0),26/04/23 23:00:00,A,CP_MEUR,B1GQ,HR,2015,45257.9,
ESTAT:NAMA_10_GDP$DEFAULTVIEW(1.0),26/04/23 23:00:00,A,CP_MEUR,B1GQ,HR,2016,47338.7,
ESTAT:NAMA_10_GDP$DEFAULTVIEW(1.0),26/04/23 23:00:00,A,CP_MEUR,B1GQ,HR,2017,49985.9,
ESTAT:NAMA_10_GDP$DEFAULTVIEW(1.0),26/04/23 23:00:00,A,CP_MEUR,B1GQ,HR,2018,52747.2,
ESTAT:NAMA_10_GDP$DEFAULTVIEW(1.0),26/04/23 23:00:00,A,CP_MEUR,B1GQ,HR,2019,55644.4,
ESTAT:NAMA_10_GDP$DEFAULTVIEW(1.0),26/04/23 23:00:00,A,CP_MEUR,B1GQ,HR,2020,50424.9,
ESTAT:NAMA_10_GDP$DEFAULTVIEW(1.0),26/04/23 23:00:00,A,CP_MEUR,B1GQ,HR,2021,58254.1,p
ESTAT:NAMA_10_GDP$DEFAULTVIEW(1.0),26/04/23 23:00:00,A,CP_MEUR,B1GQ,HR,2022,67386.1,p
ESTAT:NAMA_10_GDP$DEFAULTVIEW(1.0),26/04/23 23:00:00,A,CP_MEUR,B1GQ,HU,2013,102239.7,
ESTAT:NAMA_10_GDP$DEFAULTVIEW(1.0),26/04/23 23:00:00,A,CP_MEUR,B1GQ,HU,2014,106263.8,
ESTAT:NAMA_10_GDP$DEFAULTVIEW(1.0),26/04/23 23:00:00,A,CP_MEUR,B1GQ,HU,2015,112791.0,
ESTAT:NAMA_10_GDP$DEFAULTVIEW(1.0),26/04/23 23:00:00,A,CP_MEUR,B1GQ,HU,2016,116255.7,
ESTAT:NAMA_10_GDP$DEFAULTVIEW(1.0),26/04/23 23:00:00,A,CP_MEUR,B1GQ,HU,2017,127024.7,
ESTAT:NAMA_10_GDP$DEFAULTVIEW(1.0),26/04/23 23:00:00,A,CP_MEUR,B1GQ,HU,2018,136055.4,
ESTAT:NAMA_10_GDP$DEFAULTVIEW(1.0),26/04/23 23:00:00,A,CP_MEUR,B1GQ,HU,2019,146554.5,
ESTAT:NAMA_10_GDP$DEFAULTVIEW(1.0),26/04/23 23:00:00,A,CP_MEUR,B1GQ,HU,2020,137866.0,
ESTAT:NAMA_10_GDP$DEFAULTVIEW(1.0),26/04/23 23:00:00,A,CP_MEUR,B1GQ,HU,2021,154120.1,
ESTAT:NAMA_10_GDP$DEFAULTVIEW(1.0),26/04/23 23:00:00,A,CP_MEUR,B1GQ,HU,2022,170246.8,p
ESTAT:NAMA_10_GDP$DEFAULTVIEW(1.0),26/04/23 23:00:00,A,CP_MEUR,B1GQ,IE,2013,179457.6,
ESTAT:NAMA_10_GDP$DEFAULTVIEW(1.0),26/04/23 23:00:00,A,CP_MEUR,B1GQ,IE,2014,195085.2,
ESTAT:NAMA_10_GDP$DEFAULTVIEW(1.0),26/04/23 23:00:00,A,CP_MEUR,B1GQ,IE,2015,262975.9,
ESTAT:NAMA_10_GDP$DEFAULTVIEW(1.0),26/04/23 23:00:00,A,CP_MEUR,B1GQ,IE,2016,270205.3,
ESTAT:NAMA_10_GDP$DEFAULTVIEW(1.0),26/04/23 23:00:00,A,CP_MEUR,B1GQ,IE,2017,297763.2,
ESTAT:NAMA_10_GDP$DEFAULTVIEW(1.0),26/04/23 23:00:00,A,CP_MEUR,B1GQ,IE,2018,326631.3,
ESTAT:NAMA_10_GDP$DEFAULTVIEW(1.0),26/04/23 23:00:00,A,CP_MEUR,B1GQ,IE,2019,356704.6,
ESTAT:NAMA_10_GDP$DEFAULTVIEW(1.0),26/04/23 23:00:00,A,CP_MEUR,B1GQ,IE,2020,372836.4,
ESTAT:NAMA_10_GDP$DEFAULTVIEW(1.0),26/04/23 23:00:00,A,CP_MEUR,B1GQ,IE,2021,426283.4,
ESTAT:NAMA_10_GDP$DEFAULTVIEW(1.0),26/04/23 23:00:00,A,CP_MEUR,B1GQ,IE,2022,502583.5,
ESTAT:NAMA_10_GDP$DEFAULTVIEW(1.0),26/04/23 23:00:00,A,CP_MEUR,B1GQ,IS,2013,12132.9,
ESTAT:NAMA_10_GDP$DEFAULTVIEW(1.0),26/04/23 23:00:00,A,CP_MEUR,B1GQ,IS,2014,13472.6,
ESTAT:NAMA_10_GDP$DEFAULTVIEW(1.0),26/04/23 23:00:00,A,CP_MEUR,B1GQ,IS,2015,15795.3,
ESTAT:NAMA_10_GDP$DEFAULTVIEW(1.0),26/04/23 23:00:00,A,CP_MEUR,B1GQ,IS,2016,18804.2,
ESTAT:NAMA_10_GDP$DEFAULTVIEW(1.0),26/04/23 23:00:00,A,CP_MEUR,B1GQ,IS,2017,21917.7,
ESTAT:NAMA_10_GDP$DEFAULTVIEW(1.0),26/04/23 23:00:00,A,CP_MEUR,B1GQ,IS,2018,22238.3,
ESTAT:NAMA_10_GDP$DEFAULTVIEW(1.0),26/04/23 23:00:00,A,CP_MEUR,B1GQ,IS,2019,22027.5,
ESTAT:NAMA_10_GDP$DEFAULTVIEW(1.0),26/04/23 23:00:00,A,CP_MEUR,B1GQ,IS,2020,18880.6,
ESTAT:NAMA_10_GDP$DEFAULTVIEW(1.0),26/04/23 23:00:00,A,CP_MEUR,B1GQ,IS,2021,21611.1,
ESTAT:NAMA_10_GDP$DEFAULTVIEW(1.0),26/04/23 23:00:00,A,CP_MEUR,B1GQ,IS,2022,26479.3,
ESTAT:NAMA_10_GDP$DEFAULTVIEW(1.0),26/04/23 23:00:00,A,CP_MEUR,B1GQ,IT,2013,1612751.3,
ESTAT:NAMA_10_GDP$DEFAULTVIEW(1.0),26/04/23 23:00:00,A,CP_MEUR,B1GQ,IT,2014,1627405.6,
ESTAT:NAMA_10_GDP$DEFAULTVIEW(1.0),26/04/23 23:00:00,A,CP_MEUR,B1GQ,IT,2015,1655355.0,
ESTAT:NAMA_10_GDP$DEFAULTVIEW(1.0),26/04/23 23:00:00,A,CP_MEUR,B1GQ,IT,2016,1695786.8,
ESTAT:NAMA_10_GDP$DEFAULTVIEW(1.0),26/04/23 23:00:00,A,CP_MEUR,B1GQ,IT,2017,1736592.8,
ESTAT:NAMA_10_GDP$DEFAULTVIEW(1.0),26/04/23 23:00:00,A,CP_MEUR,B1GQ,IT,2018,1771391.2,
ESTAT:NAMA_10_GDP$DEFAULTVIEW(1.0),26/04/23 23:00:00,A,CP_MEUR,B1GQ,IT,2019,1796648.5,
ESTAT:NAMA_10_GDP$DEFAULTVIEW(1.0),26/04/23 23:00:00,A,CP_MEUR,B1GQ,IT,2020,1661019.9,
ESTAT:NAMA_10_GDP$DEFAULTVIEW(1.0),26/04/23 23:00:00,A,CP_MEUR,B1GQ,IT,2021,1787675.4,
ESTAT:NAMA_10_GDP$DEFAULTVIEW(1.0),26/04/23 23:00:00,A,CP_MEUR,B1GQ,IT,2022,1909153.6,
ESTAT:NAMA_10_GDP$DEFAULTVIEW(1.0),26/04/23 23:00:00,A,CP_MEUR,B1GQ,LI,2013,4812.4,
ESTAT:NAMA_10_GDP$DEFAULTVIEW(1.0),26/04/23 23:00:00,A,CP_MEUR,B1GQ,LI,2014,5021.7,
ESTAT:NAMA_10_GDP$DEFAULTVIEW(1.0),26/04/23 23:00:00,A,CP_MEUR,B1GQ,LI,2015,5649.1,
ESTAT:NAMA_10_GDP$DEFAULTVIEW(1.0),26/04/23 23:00:00,A,CP_MEUR,B1GQ,LI,2016,5637.7,
ESTAT:NAMA_10_GDP$DEFAULTVIEW(1.0),26/04/23 23:00:00,A,CP_MEUR,B1GQ,LI,2017,5734.6,
ESTAT:NAMA_10_GDP$DEFAULTVIEW(1.0),26/04/23 23:00:00,A,CP_MEUR,B1GQ,LI,2018,5666.3,
ESTAT:NAMA_10_GDP$DEFAULTVIEW(1.0),26/04/23 23:00:00,A,CP_MEUR,B1GQ,LI,2019,5750.1,
ESTAT:NAMA_10_GDP$DEFAULTVIEW(1.0),26/04/23 23:00:00,A,CP_MEUR,B1GQ,LI,2020,5617.9,p
ESTAT:NAMA_10_GDP$DEFAULTVIEW(1.0),26/04/23 23:00:00,A,CP_MEUR,B1GQ,LT,2013,35039.5,
ESTAT:NAMA_10_GDP$DEFAULTVIEW(1.0),26/04/23 23:00:00,A,CP_MEUR,B1GQ,LT,2014,36581.3,
ESTAT:NAMA_10_GDP$DEFAULTVIEW(1.0),26/04/23 23:00:00,A,CP_MEUR,B1GQ,LT,2015,37345.7,
ESTAT:NAMA_10_GDP$DEFAULTVIEW(1.0),26/04/23 23:00:00,A,CP_MEUR,B1GQ,LT,2016,38889.9,
ESTAT:NAMA_10_GDP$DEFAULTVIEW(1.0),26/04/23 23:00:00,A,CP_MEUR,B1GQ,LT,2017,42276.3,
ESTAT:NAMA_10_GDP$DEFAULTVIEW(1.0),26/04/23 23:00:00,A,CP_MEUR,B1GQ,LT,2018,45515.2,
ESTAT:NAMA_10_GDP$DEFAULTVIEW(1.0),26/04/23 23:00:00,A,CP_MEUR,B1GQ,LT,2019,48916.4,
ESTAT:NAMA_10_GDP$DEFAULTVIEW(1.0),26/04/23 23:00:00,A,CP_MEUR,B1GQ,LT,2020,49829.3,
ESTAT:NAMA_10_GDP$DEFAULTVIEW(1.0),26/04/23 23:00:00,A,CP_MEUR,B1GQ,LT,2021,56153.5,
ESTAT:NAMA_10_GDP$DEFAULTVIEW(1.0),26/04/23 23:00:00,A,CP_MEUR,B1GQ,LT,2022,66832.5,
ESTAT:NAMA_10_GDP$DEFAULTVIEW(1.0),26/04/23 23:00:00,A,CP_MEUR,B1GQ,LU,2013,49094.5,
ESTAT:NAMA_10_GDP$DEFAULTVIEW(1.0),26/04/23 23:00:00,A,CP_MEUR,B1GQ,LU,2014,51791.3,
ESTAT:NAMA_10_GDP$DEFAULTVIEW(1.0),26/04/23 23:00:00,A,CP_MEUR,B1GQ,LU,2015,54142.3,
ESTAT:NAMA_10_GDP$DEFAULTVIEW(1.0),26/04/23 23:00:00,A,CP_MEUR,B1GQ,LU,2016,56208.1,
ESTAT:NAMA_10_GDP$DEFAULTVIEW(1.0),26/04/23 23:00:00,A,CP_MEUR,B1GQ,LU,2017,58168.8,
ESTAT:NAMA_10_GDP$DEFAULTVIEW(1.0),26/04/23 23:00:00,A,CP_MEUR,B1GQ,LU,2018,60121.2,
ESTAT:NAMA_10_GDP$DEFAULTVIEW(1.0),26/04/23 23:00:00,A,CP_MEUR,B1GQ,LU,2019,62373.6,
ESTAT:NAMA_10_GDP$DEFAULTVIEW(1.0),26/04/23 23:00:00,A,CP_MEUR,B1GQ,LU,2020,64781.0,
ESTAT:NAMA_10_GDP$DEFAULTVIEW(1.0),26/04/23 23:00:00,A,CP_MEUR,B1GQ,LU,2021,72295.0,
ESTAT:NAMA_10_GDP$DEFAULTVIEW(1.0),26/04/23 23:00:00,A,CP_MEUR,B1GQ,LU,2022,78130.1,p
ESTAT:NAMA_10_GDP$DEFAULTVIEW(1.0),26/04/23 23:00:00,A,CP_MEUR,B1GQ,LV,2013,22791.3,
ESTAT:NAMA_10_GDP$DEFAULTVIEW(1.0),26/04/23 23:00:00,A,CP_MEUR,B1GQ,LV,2014,23625.8,
ESTAT:NAMA_10_GDP$DEFAULTVIEW(1.0),26/04/23 23:00:00,A,CP_MEUR,B1GQ,LV,2015,24572.1,
ESTAT:NAMA_10_GDP$DEFAULTVIEW(1.0),26/04/23 23:00:00,A,CP_MEUR,B1GQ,LV,2016,25371.3,
ESTAT:NAMA_10_GDP$DEFAULTVIEW(1.0),26/04/23 23:00:00,A,CP_MEUR,B1GQ,LV,2017,26984.4,
ESTAT:NAMA_10_GDP$DEFAULTVIEW(1.0),26/04/23 23:00:00,A,CP_MEUR,B1GQ,LV,2018,29153.6,
ESTAT:NAMA_10_GDP$DEFAULTVIEW(1.0),26/04/23 23:00:00,A,CP_MEUR,B1GQ,LV,2019,30678.6,
ESTAT:NAMA_10_GDP$DEFAULTVIEW(1.0),26/04/23 23:00:00,A,CP_MEUR,B1GQ,LV,2020,30265.1,
ESTAT:NAMA_10_GDP$DEFAULTVIEW(1.0),26/04/23 23:00:00,A,CP_MEUR,B1GQ,LV,2021,33616.5,
ESTAT:NAMA_10_GDP$DEFAULTVIEW(1.0),26/04/23 23:00:00,A,CP_MEUR,B1GQ,LV,2022,39062.5,
ESTAT:NAMA_10_GDP$DEFAULTVIEW(1.0),26/04/23 23:00:00,A,CP_MEUR,B1GQ,ME,2013,3362.5,
ESTAT:NAMA_10_GDP$DEFAULTVIEW(1.0),26/04/23 23:00:00,A,CP_MEUR,B1GQ,ME,2014,3457.9,
ESTAT:NAMA_10_GDP$DEFAULTVIEW(1.0),26/04/23 23:00:00,A,CP_MEUR,B1GQ,ME,2015,3654.5,
ESTAT:NAMA_10_GDP$DEFAULTVIEW(1.0),26/04/23 23:00:00,A,CP_MEUR,B1GQ,ME,2016,3954.2,
ESTAT:NAMA_10_GDP$DEFAULTVIEW(1.0),26/04/23 23:00:00,A,CP_MEUR,B1GQ,ME,2017,4299.1,
ESTAT:NAMA_10_GDP$DEFAULTVIEW(1.0),26/04/23 23:00:00,A,CP_MEUR,B1GQ,ME,2018,4663.1,
ESTAT:NAMA_10_GDP$DEFAULTVIEW(1.0),26/04/23 23:00:00,A,CP_MEUR,B1GQ,ME,2019,4950.7,
ESTAT:NAMA_10_GDP$DEFAULTVIEW(1.0),26/04/23 23:00:00,A,CP_MEUR,B1GQ,ME,2020,4185.6,
ESTAT:NAMA_10_GDP$DEFAULTVIEW(1.0),26/04/23 23:00:00,A,CP_MEUR,B1GQ,ME,2021,4955.1,
ESTAT:NAMA_10_GDP$DEFAULTVIEW(1.0),26/04/23 23:00:00,A,CP_MEUR,B1GQ,ME,2022,5796.8,p
ESTAT:NAMA_10_GDP$DEFAULTVIEW(1.0),26/04/23 23:00:00,A,CP_MEUR,B1GQ,MK,2013,8149.6,
ESTAT:NAMA_10_GDP$DEFAULTVIEW(1.0),26/04/23 23:00:00,A,CP_MEUR,B1GQ,MK,2014,8562.0,
ESTAT:NAMA_10_GDP$DEFAULTVIEW(1.0),26/04/23 23:00:00,A,CP_MEUR,B1GQ,MK,2015,9072.3,
ESTAT:NAMA_10_GDP$DEFAULTVIEW(1.0),26/04/23 23:00:00,A,CP_MEUR,B1GQ,MK,2016,9656.5,
ESTAT:NAMA_10_GDP$DEFAULTVIEW(1.0),26/04/23 23:00:00,A,CP_MEUR,B1GQ,MK,2017,10038.3,
ESTAT:NAMA_10_GDP$DEFAULTVIEW(1.0),26/04/23 23:00:00,A,CP_MEUR,B1GQ,MK,2018,10744.0,
ESTAT:NAMA_10_GDP$DEFAULTVIEW(1.0),26/04/23 23:00:00,A,CP_MEUR,B1GQ,MK,2019,11262.0,
ESTAT:NAMA_10_GDP$DEFAULTVIEW(1.0),26/04/23 23:00:00,A,CP_MEUR,B1GQ,MK,2020,10851.7,
ESTAT:NAMA_10_GDP$DEFAULTVIEW(1.0),26/04/23 23:00:00,A,CP_MEUR,B1GQ,MK,2021,11688.2,p
ESTAT:NAMA_10_GDP$DEFAULTVIEW(1.0),26/04/23 23:00:00,A,CP_MEUR,B1GQ,MK,2022,12897.8,e
ESTAT:NAMA_10_GDP$DEFAULTVIEW(1.0),26/04/23 23:00:00,A,CP_MEUR,B1GQ,MT,2013,7944.3,
ESTAT:NAMA_10_GDP$DEFAULTVIEW(1.0),26/04/23 23:00:00,A,CP_MEUR,B1GQ,MT,2014,8751.1,
ESTAT:NAMA_10_GDP$DEFAULTVIEW(1.0),26/04/23 23:00:00,A,CP_MEUR,B1GQ,MT,2015,9996.7,
ESTAT:NAMA_10_GDP$DEFAULTVIEW(1.0),26/04/23 23:00:00,A,CP_MEUR,B1GQ,MT,2016,10541.1,
ESTAT:NAMA_10_GDP$DEFAULTVIEW(1.0),26/04/23 23:00:00,A,CP_MEUR,B1GQ,MT,2017,11936.6,
ESTAT:NAMA_10_GDP$DEFAULTVIEW(1.0),26/04/23 23:00:00,A,CP_MEUR,B1GQ,MT,2018,12953.9,
ESTAT:NAMA_10_GDP$DEFAULTVIEW(1.0),26/04/23 23:00:00,A,CP_MEUR,B1GQ,MT,2019,14186.4,
ESTAT:NAMA_10_GDP$DEFAULTVIEW(1.0),26/04/23 23:00:00,A,CP_MEUR,B1GQ,MT,2020,13173.0,
ESTAT:NAMA_10_GDP$DEFAULTVIEW(1.0),26/04/23 23:00:00,A,CP_MEUR,B1GQ,MT,2021,15001.9,
ESTAT:NAMA_10_GDP$DEFAULTVIEW(1.0),26/04/23 23:00:00,A,CP_MEUR,B1GQ,MT,2022,16870.3,
ESTAT:NAMA_10_GDP$DEFAULTVIEW(1.0),26/04/23 23:00:00,A,CP_MEUR,B1GQ,NL,2013,660463.0,
ESTAT:NAMA_10_GDP$DEFAULTVIEW(1.0),26/04/23 23:00:00,A,CP_MEUR,B1GQ,NL,2014,671560.0,
ESTAT:NAMA_10_GDP$DEFAULTVIEW(1.0),26/04/23 23:00:00,A,CP_MEUR,B1GQ,NL,2015,690008.0,
ESTAT:NAMA_10_GDP$DEFAULTVIEW(1.0),26/04/23 23:00:00,A,CP_MEUR,B1GQ,NL,2016,708337.0,
ESTAT:NAMA_10_GDP$DEFAULTVIEW(1.0),26/04/23 23:00:00,A,CP_MEUR,B1GQ,NL,2017,738146.0,
ESTAT:NAMA_10_GDP$DEFAULTVIEW(1.0),26/04/23 23:00:00,A,CP_MEUR,B1GQ,NL,2018,773987.0,
ESTAT:NAMA_10_GDP$DEFAULTVIEW(1.0),26/04/23 23:00:00,A,CP_MEUR,B1GQ,NL,2019,813055.0,
ESTAT:NAMA_10_GDP$DEFAULTVIEW(1.0),26/04/23 23:00:00,A,CP_MEUR,B1GQ,NL,2020,796530.0,
ESTAT:NAMA_10_GDP$DEFAULTVIEW(1.0),26/04/23 23:00:00,A,CP_MEUR,B1GQ,NL,2021,855470.0,p
ESTAT:NAMA_10_GDP$DEFAULTVIEW(1.0),26/04/23 23:00:00,A,CP_MEUR,B1GQ,NL,2022,941186.0,p
ESTAT:NAMA_10_GDP$DEFAULTVIEW(1.0),26/04/23 23:00:00,A,CP_MEUR,B1GQ,NO,2013,395856.8,
ESTAT:NAMA_10_GDP$DEFAULTVIEW(1.0),26/04/23 23:00:00,A,CP_MEUR,B1GQ,NO,2014,378456.4,
ESTAT:NAMA_10_GDP$DEFAULTVIEW(1.0),26/04/23 23:00:00,A,CP_MEUR,B1GQ,NO,2015,349756.7,
ESTAT:NAMA_10_GDP$DEFAULTVIEW(1.0),26/04/23 23:00:00,A,CP_MEUR,B1GQ,NO,2016,335396.5,
ESTAT:NAMA_10_GDP$DEFAULTVIEW(1.0),26/04/23 23:00:00,A,CP_MEUR,B1GQ,NO,2017,356288.5,
ESTAT:NAMA_10_GDP$DEFAULTVIEW(1.0),26/04/23 23:00:00,A,CP_MEUR,B1GQ,NO,2018,372657.6,
ESTAT:NAMA_10_GDP$DEFAULTVIEW(1.0),26/04/23 23:00:00,A,CP_MEUR,B1GQ,NO,2019,365130.5,
ESTAT:NAMA_10_GDP$DEFAULTVIEW(1.0),26/04/23 23:00:00,A,CP_MEUR,B1GQ,NO,2020,322823.8,
ESTAT:NAMA_10_GDP$DEFAULTVIEW(1.0),26/04/23 23:00:00,A,CP_MEUR,B1GQ,NO,2021,414394.9,
ESTAT:NAMA_10_GDP$DEFAULTVIEW(1.0),26/04/23 23:00:00,A,CP_MEUR,B1GQ,NO,2022,551261.4,
ESTAT:NAMA_10_GDP$DEFAULTVIEW(1.0),26/04/23 23:00:00,A,CP_MEUR,B1GQ,PL,2013,388356.4,
ESTAT:NAMA_10_GDP$DEFAULTVIEW(1.0),26/04/23 23:00:00,A,CP_MEUR,B1GQ,PL,2014,406412.5,
ESTAT:NAMA_10_GDP$DEFAULTVIEW(1.0),26/04/23 23:00:00,A,CP_MEUR,B1GQ,PL,2015,429834.6,
ESTAT:NAMA_10_GDP$DEFAULTVIEW(1.0),26/04/23 23:00:00,A,CP_MEUR,B1GQ,PL,2016,424735.3,
ESTAT:NAMA_10_GDP$DEFAULTVIEW(1.0),26/04/23 23:00:00,A,CP_MEUR,B1GQ,PL,2017,465772.6,
ESTAT:NAMA_10_GDP$DEFAULTVIEW(1.0),26/04/23 23:00:00,A,CP_MEUR,B1GQ,PL,2018,499004.1,
ESTAT:NAMA_10_GDP$DEFAULTVIEW(1.0),26/04/23 23:00:00,A,CP_MEUR,B1GQ,PL,2019,532504.7,
ESTAT:NAMA_10_GDP$DEFAULTVIEW(1.0),26/04/23 23:00:00,A,CP_MEUR,B1GQ,PL,2020,526147.2,
ESTAT:NAMA_10_GDP$DEFAULTVIEW(1.0),26/04/23 23:00:00,A,CP_MEUR,B1GQ,PL,2021,576382.6,
ESTAT:NAMA_10_GDP$DEFAULTVIEW(1.0),26/04/23 23:00:00,A,CP_MEUR,B1GQ,PL,2022,656905.5,
ESTAT:NAMA_10_GDP$DEFAULTVIEW(1.0),26/04/23 23:00:00,A,CP_MEUR,B1GQ,PT,2013,170492.3,
ESTAT:NAMA_10_GDP$DEFAULTVIEW(1.0),26/04/23 23:00:00,A,CP_MEUR,B1GQ,PT,2014,173053.7,
ESTAT:NAMA_10_GDP$DEFAULTVIEW(1.0),26/04/23 23:00:00,A,CP_MEUR,B1GQ,PT,2015,179713.2,
ESTAT:NAMA_10_GDP$DEFAULTVIEW(1.0),26/04/23 23:00:00,A,CP_MEUR,B1GQ,PT,2016,186489.8,
ESTAT:NAMA_10_GDP$DEFAULTVIEW(1.0),26/04/23 23:00:00,A,CP_MEUR,B1GQ,PT,2017,195947.2,
ESTAT:NAMA_10_GDP$DEFAULTVIEW(1.0),26/04/23 23:00:00,A,CP_MEUR,B1GQ,PT,2018,205184.1,
ESTAT:NAMA_10_GDP$DEFAULTVIEW(1.0),26/04/23 23:00:00,A,CP_MEUR,B1GQ,PT,2019,214374.6,
ESTAT:NAMA_10_GDP$DEFAULTVIEW(1.0),26/04/23 23:00:00,A,CP_MEUR,B1GQ,PT,2020,200518.9,
ESTAT:NAMA_10_GDP$DEFAULTVIEW(1.0),26/04/23 23:00:00,A,CP_MEUR,B1GQ,PT,2021,214741.0,p
ESTAT:NAMA_10_GDP$DEFAULTVIEW(1.0),26/04/23 23:00:00,A,CP_MEUR,B1GQ,PT,2022,239253.3,p
ESTAT:NAMA_10_GDP$DEFAULTVIEW(1.0),26/04/23 23:00:00,A,CP_MEUR,B1GQ,RO,2013,142928.9,
ESTAT:NAMA_10_GDP$DEFAULTVIEW(1.0),26/04/23 23:00:00,A,CP_MEUR,B1GQ,RO,2014,150522.4,
ESTAT:NAMA_10_GDP$DEFAULTVIEW(1.0),26/04/23 23:00:00,A,CP_MEUR,B1GQ,RO,2015,160287.8,
ESTAT:NAMA_10_GDP$DEFAULTVIEW(1.0),26/04/23 23:00:00,A,CP_MEUR,B1GQ,RO,2016,167494.3,
ESTAT:NAMA_10_GDP$DEFAULTVIEW(1.0),26/04/23 23:00:00,A,CP_MEUR,B1GQ,RO,2017,186399.0,
ESTAT:NAMA_10_GDP$DEFAULTVIEW(1.0),26/04/23 23:00:00,A,CP_MEUR,B1GQ,RO,2018,206071.9,
ESTAT:NAMA_10_GDP$DEFAULTVIEW(1.0),26/04/23 23:00:00,A,CP_MEUR,B1GQ,RO,2019,224178.6,
ESTAT:NAMA_10_GDP$DEFAULTVIEW(1.0),26/04/23 23:00:00,A,CP_MEUR,B1GQ,RO,2020,220486.6,
ESTAT:NAMA_10_GDP$DEFAULTVIEW(1.0),26/04/23 23:00:00,A,CP_MEUR,B1GQ,RO,2021,241268.4,p
ESTAT:NAMA_10_GDP$DEFAULTVIEW(1.0),26/04/23 23:00:00,A,CP_MEUR,B1GQ,RO,2022,285884.8,p
ESTAT:NAMA_10_GDP$DEFAULTVIEW(1.0),26/04/23 23:00:00,A,CP_MEUR,B1GQ,RS,2013,36426.7,
ESTAT:NAMA_10_GDP$DEFAULTVIEW(1.0),26/04/23 23:00:00,A,CP_MEUR,B1GQ,RS,2014,35467.5,
ESTAT:NAMA_10_GDP$DEFAULTVIEW(1.0),26/04/23 23:00:00,A,CP_MEUR,B1GQ,RS,2015,35740.2,
ESTAT:NAMA_10_GDP$DEFAULTVIEW(1.0),26/04/23 23:00:00,A,CP_MEUR,B1GQ,RS,2016,36779.3,
ESTAT:NAMA_10_GDP$DEFAULTVIEW(1.0),26/04/23 23:00:00,A,CP_MEUR,B1GQ,RS,2017,39235.3,
ESTAT:NAMA_10_GDP$DEFAULTVIEW(1.0),26/04/23 23:00:00,A,CP_MEUR,B1GQ,RS,2018,42892.2,
ESTAT:NAMA_10_GDP$DEFAULTVIEW(1.0),26/04/23 23:00:00,A,CP_MEUR,B1GQ,RS,2019,46005.4,
ESTAT:NAMA_10_GDP$DEFAULTVIEW(1.0),26/04/23 23:00:00,A,CP_MEUR,B1GQ,RS,2020,46815.3,
ESTAT:NAMA_10_GDP$DEFAULTVIEW(1.0),26/04/23 23:00:00,A,CP_MEUR,B1GQ,RS,2021,53329.3,
ESTAT:NAMA_10_GDP$DEFAULTVIEW(1.0),26/04/23 23:00:00,A,CP_MEUR,B1GQ,RS,2022,60367.9,p
ESTAT:NAMA_10_GDP$DEFAULTVIEW(1.0),26/04/23 23:00:00,A,CP_MEUR,B1GQ,SE,2013,441850.7,
ESTAT:NAMA_10_GDP$DEFAULTVIEW(1.0),26/04/23 23:00:00,A,CP_MEUR,B1GQ,SE,2014,438833.9,
ESTAT:NAMA_10_GDP$DEFAULTVIEW(1.0),26/04/23 23:00:00,A,CP_MEUR,B1GQ,SE,2015,455494.7,
ESTAT:NAMA_10_GDP$DEFAULTVIEW(1.0),26/04/23 23:00:00,A,CP_MEUR,B1GQ,SE,2016,466266.5,
ESTAT:NAMA_10_GDP$DEFAULTVIEW(1.0),26/04/23 23:00:00,A,CP_MEUR,B1GQ,SE,2017,480025.5,
ESTAT:NAMA_10_GDP$DEFAULTVIEW(1.0),26/04/23 23:00:00,A,CP_MEUR,B1GQ,SE,2018,470673.1,
ESTAT:NAMA_10_GDP$DEFAULTVIEW(1.0),26/04/23 23:00:00,A,CP_MEUR,B1GQ,SE,2019,476869.5,
ESTAT:NAMA_10_GDP$DEFAULTVIEW(1.0),26/04/23 23:00:00,A,CP_MEUR,B1GQ,SE,2020,480556.4,
ESTAT:NAMA_10_GDP$DEFAULTVIEW(1.0),26/04/23 23:00:00,A,CP_MEUR,B1GQ,SE,2021,538317.6,
ESTAT:NAMA_10_GDP$DEFAULTVIEW(1.0),26/04/23 23:00:00,A,CP_MEUR,B1GQ,SE,2022,557531.4,
ESTAT:NAMA_10_GDP$DEFAULTVIEW(1.0),26/04/23 23:00:00,A,CP_MEUR,B1GQ,SI,2013,36454.3,
ESTAT:NAMA_10_GDP$DEFAULTVIEW(1.0),26/04/23 23:00:00,A,CP_MEUR,B1GQ,SI,2014,37634.3,
ESTAT:NAMA_10_GDP$DEFAULTVIEW(1.0),26/04/23 23:00:00,A,CP_MEUR,B1GQ,SI,2015,38852.6,
ESTAT:NAMA_10_GDP$DEFAULTVIEW(1.0),26/04/23 23:00:00,A,CP_MEUR,B1GQ,SI,2016,40443.2,
ESTAT:NAMA_10_GDP$DEFAULTVIEW(1.0),26/04/23 23:00:00,A,CP_MEUR,B1GQ,SI,2017,43011.3,
ESTAT:NAMA_10_GDP$DEFAULTVIEW(1.0),26/04/23 23:00:00,A,CP_MEUR,B1GQ,SI,2018,45876.3,
ESTAT:NAMA_10_GDP$DEFAULTVIEW(1.0),26/04/23 23:00:00,A,CP_MEUR,B1GQ,SI,2019,48533.1,
ESTAT:NAMA_10_GDP$DEFAULTVIEW(1.0),26/04/23 23:00:00,A,CP_MEUR,B1GQ,SI,2020,47020.6,
ESTAT:NAMA_10_GDP$DEFAULTVIEW(1.0),26/04/23 23:00:00,A,CP_MEUR,B1GQ,SI,2021,52208.1,
ESTAT:NAMA_10_GDP$DEFAULTVIEW(1.0),26/04/23 23:00:00,A,CP_MEUR,B1GQ,SI,2022,58988.5,
ESTAT:NAMA_10_GDP$DEFAULTVIEW(1.0),26/04/23 23:00:00,A,CP_MEUR,B1GQ,SK,2013,74492.8,
ESTAT:NAMA_10_GDP$DEFAULTVIEW(1.0),26/04/23 23:00:00,A,CP_MEUR,B1GQ,SK,2014,76354.5,
ESTAT:NAMA_10_GDP$DEFAULTVIEW(1.0),26/04/23 23:00:00,A,CP_MEUR,B1GQ,SK,2015,80126.0,
ESTAT:NAMA_10_GDP$DEFAULTVIEW(1.0),26/04/23 23:00:00,A,CP_MEUR,B1GQ,SK,2016,81265.2,
ESTAT:NAMA_10_GDP$DEFAULTVIEW(1.0),26/04/23 23:00:00,A,CP_MEUR,B1GQ,SK,2017,84669.9,
ESTAT:NAMA_10_GDP$DEFAULTVIEW(1.0),26/04/23 23:00:00,A,CP_MEUR,B1GQ,SK,2018,89874.7,
ESTAT:NAMA_10_GDP$DEFAULTVIEW(1.0),26/04/23 23:00:00,A,CP_MEUR,B1GQ,SK,2019,94428.3,
ESTAT:NAMA_10_GDP$DEFAULTVIEW(1.0),26/04/23 23:00:00,A,CP_MEUR,B1GQ,SK,2020,93441.9,
ESTAT:NAMA_10_GDP$DEFAULTVIEW(1.0),26/04/23 23:00:00,A,CP_MEUR,B1GQ,SK,2021,100323.5,
ESTAT:NAMA_10_GDP$DEFAULTVIEW(1.0),26/04/23 23:00:00,A,CP_MEUR,B1GQ,SK,2022,109651.9,
ESTAT:NAMA_10_GDP$DEFAULTVIEW(1.0),26/04/23 23:00:00,A,CP_MEUR,B1GQ,TR,2013,719726.6,
ESTAT:NAMA_10_GDP$DEFAULTVIEW(1.0),26/04/23 23:00:00,A,CP_MEUR,B1GQ,TR,2014,707000.8,
ESTAT:NAMA_10_GDP$DEFAULTVIEW(1.0),26/04/23 23:00:00,A,CP_MEUR,B1GQ,TR,2015,777042.3,
ESTAT:NAMA_10_GDP$DEFAULTVIEW(1.0),26/04/23 23:00:00,A,CP_MEUR,B1GQ,TR,2016,785618.9,
ESTAT:NAMA_10_GDP$DEFAULTVIEW(1.0),26/04/23 23:00:00,A,CP_MEUR,B1GQ,TR,2017,760497.1,
ESTAT:NAMA_10_GDP$DEFAULTVIEW(1.0),26/04/23 23:00:00,A,CP_MEUR,B1GQ,TR,2018,658544.4,
ESTAT:NAMA_10_GDP$DEFAULTVIEW(1.0),26/04/23 23:00:00,A,CP_MEUR,B1GQ,TR,2019,678180.0,
ESTAT:NAMA_10_GDP$DEFAULTVIEW(1.0),26/04/23 23:00:00,A,CP_MEUR,B1GQ,TR,2020,626742.2,
ESTAT:NAMA_10_GDP$DEFAULTVIEW(1.0),26/04/23 23:00:00,A,CP_MEUR,B1GQ,TR,2021,689546.5,
ESTAT:NAMA_10_GDP$DEFAULTVIEW(1.0),26/04/23 23:00:00,A,CP_MEUR,B1GQ,UK,2013,2096338.0,
ESTAT:NAMA_10_GDP$DEFAULTVIEW(1.0),26/04/23 23:00:00,A,CP_MEUR,B1GQ,UK,2014,2311080.2,
ESTAT:NAMA_10_GDP$DEFAULTVIEW(1.0),26/04/23 23:00:00,A,CP_MEUR,B1GQ,UK,2015,2644716.5,
ESTAT:NAMA_10_GDP$DEFAULTVIEW(1.0),26/04/23 23:00:00,A,CP_MEUR,B1GQ,UK,2016,2434119.2,
ESTAT:NAMA_10_GDP$DEFAULTVIEW(1.0),26/04/23 23:00:00,A,CP_MEUR,B1GQ,UK,2017,2359789.9,
ESTAT:NAMA_10_GDP$DEFAULTVIEW(1.0),26/04/23 23:00:00,A,CP_MEUR,B1GQ,UK,2018,2420897.2,
ESTAT:NAMA_10_GDP$DEFAULTVIEW(1.0),26/04/23 23:00:00,A,CP_MEUR,B1GQ,UK,2019,2526615.2,
ESTAT:NAMA_10_GDP$DEFAULTVIEW(1.0),26/04/23 23:00:00,A,CP_MEUR,B1GQ,XK,2013,5071.3,
ESTAT:NAMA_10_GDP$DEFAULTVIEW(1.0),26/04/23 23:00:00,A,CP_MEUR,B1GQ,XK,2014,5325.1,
ESTAT:NAMA_10_GDP$DEFAULTVIEW(1.0),26/04/23 23:00:00,A,CP_MEUR,B1GQ,XK,2015,5674.4,
ESTAT:NAMA_10_GDP$DEFAULTVIEW(1.0),26/04/23 23:00:00,A,CP_MEUR,B1GQ,XK,2016,6037.3,
ESTAT:NAMA_10_GDP$DEFAULTVIEW(1.0),26/04/23 23:00:00,A,CP_MEUR,B1GQ,XK,2017,6356.5,
ESTAT:NAMA_10_GDP$DEFAULTVIEW(1.0),26/04/23 23:00:00,A,CP_MEUR,B1GQ,XK,2018,6671.5,
ESTAT:NAMA_10_GDP$DEFAULTVIEW(1.0),26/04/23 23:00:00,A,CP_MEUR,B1GQ,XK,2019,7056.2,
ESTAT:NAMA_10_GDP$DEFAULTVIEW(1.0),26/04/23 23:00:00,A,CP_MEUR,B1GQ,XK,2020,6771.6,
ESTAT:NAMA_10_GDP$DEFAULTVIEW(1.0),26/04/23 23:00:00,A,CP_MEUR,B1GQ,XK,2021,7957.9,
ESTAT:NAMA_10_GDP$DEFAULTVIEW(1.0),26/04/23 23:00:00,A,CP_MEUR,B1GQ,XK,2022,8954.9,p
